{
  "hash": "7def1769",
  "configHash": "221351a3",
  "lockfileHash": "36a5527a",
  "browserHash": "de1969c6",
  "optimized": {
    "@angular/common": {
      "src": "../../../../../../node_modules/@angular/common/fesm2022/common.mjs",
      "file": "@angular_common.js",
      "fileHash": "43bbaa03",
      "needsInterop": false
    },
    "@angular/common/http": {
      "src": "../../../../../../node_modules/@angular/common/fesm2022/http.mjs",
      "file": "@angular_common_http.js",
      "fileHash": "df44a180",
      "needsInterop": false
    },
    "@angular/core": {
      "src": "../../../../../../node_modules/@angular/core/fesm2022/core.mjs",
      "file": "@angular_core.js",
      "fileHash": "3ed15660",
      "needsInterop": false
    },
    "@angular/forms": {
      "src": "../../../../../../node_modules/@angular/forms/fesm2022/forms.mjs",
      "file": "@angular_forms.js",
      "fileHash": "0932b226",
      "needsInterop": false
    },
    "@angular/platform-browser": {
      "src": "../../../../../../node_modules/@angular/platform-browser/fesm2022/platform-browser.mjs",
      "file": "@angular_platform-browser.js",
      "fileHash": "15d69fbe",
      "needsInterop": false
    },
    "@angular/router": {
      "src": "../../../../../../node_modules/@angular/router/fesm2022/router.mjs",
      "file": "@angular_router.js",
      "fileHash": "ab496966",
      "needsInterop": false
    },
    "rxjs": {
      "src": "../../../../../../node_modules/rxjs/dist/esm5/index.js",
      "file": "rxjs.js",
      "fileHash": "4939406d",
      "needsInterop": false
    },
    "rxjs/operators": {
      "src": "../../../../../../node_modules/rxjs/dist/esm5/operators/index.js",
      "file": "rxjs_operators.js",
      "fileHash": "ff0ae771",
      "needsInterop": false
    },
    "zone.js": {
      "src": "../../../../../../node_modules/zone.js/fesm2015/zone.js",
      "file": "zone__js.js",
      "fileHash": "6fd05d10",
      "needsInterop": true
    }
  },
  "chunks": {
    "chunk-KTM3UHBR": {
      "file": "chunk-KTM3UHBR.js"
    },
    "chunk-ANNEISMX": {
      "file": "chunk-ANNEISMX.js"
    },
    "chunk-Z4J6WMQW": {
      "file": "chunk-Z4J6WMQW.js"
    },
    "chunk-ZMLREZMJ": {
      "file": "chunk-ZMLREZMJ.js"
    },
    "chunk-23FE4IVO": {
      "file": "chunk-23FE4IVO.js"
    },
    "chunk-HWYXSU2G": {
      "file": "chunk-HWYXSU2G.js"
    },
    "chunk-JRFR6BLO": {
      "file": "chunk-JRFR6BLO.js"
    },
    "chunk-MARUHEWW": {
      "file": "chunk-MARUHEWW.js"
    },
    "chunk-WDMUDEB6": {
      "file": "chunk-WDMUDEB6.js"
    }
  }
}